customer_id,name,email,signup_date,country
1,Customer_1,customer1@example.com,2025-02-13 10:20:57.817223,UK
2,Customer_2,customer2@example.com,2022-07-11 10:20:57.817248,USA
3,Customer_3,customer3@example.com,2024-05-31 10:20:57.817252,Australia
4,Customer_4,customer4@example.com,2024-08-31 10:20:57.817254,USA
5,Customer_5,customer5@example.com,2023-09-11 10:20:57.817256,Australia
6,Customer_6,customer6@example.com,2022-10-01 10:20:57.817260,Australia
7,Customer_7,customer7@example.com,2022-12-31 10:20:57.817263,Germany
8,Customer_8,customer8@example.com,2024-10-20 10:20:57.817267,Australia
9,Customer_9,customer9@example.com,2022-07-09 10:20:57.817276,UK
10,Customer_10,customer10@example.com,2022-08-24 10:20:57.817279,Germany
11,Customer_11,customer11@example.com,2023-03-14 10:20:57.817281,USA
12,Customer_12,customer12@example.com,2023-11-02 10:20:57.817283,USA
13,Customer_13,customer13@example.com,2022-11-01 10:20:57.817284,Canada
14,Customer_14,customer14@example.com,2024-02-29 10:20:57.817286,USA
15,Customer_15,customer15@example.com,2024-01-24 10:20:57.817288,Germany
16,Customer_16,customer16@example.com,2024-08-23 10:20:57.817289,USA
17,Customer_17,customer17@example.com,2022-07-22 10:20:57.817291,Australia
18,Customer_18,customer18@example.com,2023-10-22 10:20:57.817292,Canada
19,Customer_19,customer19@example.com,2023-09-01 10:20:57.817294,Canada
20,Customer_20,customer20@example.com,2024-05-19 10:20:57.817296,Germany
21,Customer_21,customer21@example.com,2024-03-10 10:20:57.817297,Canada
22,Customer_22,customer22@example.com,2022-07-09 10:20:57.817299,Australia
23,Customer_23,customer23@example.com,2023-02-16 10:20:57.817300,Canada
24,Customer_24,customer24@example.com,2024-09-23 10:20:57.817302,Germany
25,Customer_25,customer25@example.com,2024-07-12 10:20:57.817303,USA
26,Customer_26,customer26@example.com,2023-04-24 10:20:57.817305,USA
27,Customer_27,customer27@example.com,2022-10-05 10:20:57.817306,UK
28,Customer_28,customer28@example.com,2023-12-01 10:20:57.817308,Canada
29,Customer_29,customer29@example.com,2022-07-21 10:20:57.817309,Australia
30,Customer_30,customer30@example.com,2024-08-28 10:20:57.817311,Canada
31,Customer_31,customer31@example.com,2024-09-03 10:20:57.817312,Germany
32,Customer_32,customer32@example.com,2023-11-27 10:20:57.817314,Australia
33,Customer_33,customer33@example.com,2023-09-19 10:20:57.817315,UK
34,Customer_34,customer34@example.com,2023-04-19 10:20:57.817317,Australia
35,Customer_35,customer35@example.com,2023-07-02 10:20:57.817319,Germany
36,Customer_36,customer36@example.com,2023-06-14 10:20:57.817320,Australia
37,Customer_37,customer37@example.com,2022-08-07 10:20:57.817322,Canada
38,Customer_38,customer38@example.com,2022-11-01 10:20:57.817323,Australia
39,Customer_39,customer39@example.com,2024-06-26 10:20:57.817325,UK
40,Customer_40,customer40@example.com,2025-02-08 10:20:57.817326,Canada
41,Customer_41,customer41@example.com,2024-09-16 10:20:57.817328,Australia
42,Customer_42,customer42@example.com,2023-08-01 10:20:57.817329,Germany
43,Customer_43,customer43@example.com,2023-07-04 10:20:57.817331,UK
44,Customer_44,customer44@example.com,2022-06-21 10:20:57.817332,UK
45,Customer_45,customer45@example.com,2024-01-10 10:20:57.817334,USA
46,Customer_46,customer46@example.com,2023-07-12 10:20:57.817335,USA
47,Customer_47,customer47@example.com,2022-07-03 10:20:57.817337,USA
48,Customer_48,customer48@example.com,2023-03-25 10:20:57.817338,USA
49,Customer_49,customer49@example.com,2024-03-01 10:20:57.817340,UK
50,Customer_50,customer50@example.com,2022-11-14 10:20:57.817341,Australia
51,Customer_51,customer51@example.com,2024-03-03 10:20:57.817343,USA
52,Customer_52,customer52@example.com,2025-03-06 10:20:57.817344,Germany
53,Customer_53,customer53@example.com,2022-10-03 10:20:57.817346,Germany
54,Customer_54,customer54@example.com,2023-01-05 10:20:57.817347,USA
55,Customer_55,customer55@example.com,2023-06-21 10:20:57.817349,UK
56,Customer_56,customer56@example.com,2022-11-03 10:20:57.817350,Australia
57,Customer_57,customer57@example.com,2023-07-15 10:20:57.817352,Canada
58,Customer_58,customer58@example.com,2024-02-11 10:20:57.817354,Australia
59,Customer_59,customer59@example.com,2025-02-28 10:20:57.817357,USA
60,Customer_60,customer60@example.com,2022-06-29 10:20:57.817359,Australia
61,Customer_61,customer61@example.com,2024-08-02 10:20:57.817362,Canada
62,Customer_62,customer62@example.com,2023-01-14 10:20:57.817365,UK
63,Customer_63,customer63@example.com,2023-02-06 10:20:57.817367,Canada
64,Customer_64,customer64@example.com,2022-11-01 10:20:57.817369,Germany
65,Customer_65,customer65@example.com,2023-05-24 10:20:57.817372,USA
66,Customer_66,customer66@example.com,2022-08-08 10:20:57.817375,Canada
67,Customer_67,customer67@example.com,2025-03-06 10:20:57.817377,UK
68,Customer_68,customer68@example.com,2022-11-20 10:20:57.817379,USA
69,Customer_69,customer69@example.com,2022-08-18 10:20:57.817382,Australia
70,Customer_70,customer70@example.com,2023-03-25 10:20:57.817384,UK
71,Customer_71,customer71@example.com,2023-04-10 10:20:57.817386,Australia
72,Customer_72,customer72@example.com,2024-05-09 10:20:57.817389,Germany
73,Customer_73,customer73@example.com,2025-01-12 10:20:57.817391,Canada
74,Customer_74,customer74@example.com,2022-11-23 10:20:57.817393,Germany
75,Customer_75,customer75@example.com,2023-12-23 10:20:57.817396,Germany
76,Customer_76,customer76@example.com,2023-07-15 10:20:57.817398,Germany
77,Customer_77,customer77@example.com,2022-08-27 10:20:57.817401,Canada
78,Customer_78,customer78@example.com,2024-02-01 10:20:57.817404,USA
79,Customer_79,customer79@example.com,2024-09-25 10:20:57.817406,Australia
80,Customer_80,customer80@example.com,2022-12-17 10:20:57.817408,Australia
81,Customer_81,customer81@example.com,2023-06-26 10:20:57.817410,Germany
82,Customer_82,customer82@example.com,2023-10-07 10:20:57.817412,Canada
83,Customer_83,customer83@example.com,2024-03-01 10:20:57.817414,UK
84,Customer_84,customer84@example.com,2024-04-06 10:20:57.817416,Germany
85,Customer_85,customer85@example.com,2025-02-23 10:20:57.817418,USA
86,Customer_86,customer86@example.com,2024-08-23 10:20:57.817420,Canada
87,Customer_87,customer87@example.com,2024-12-30 10:20:57.817422,USA
88,Customer_88,customer88@example.com,2023-12-31 10:20:57.817424,UK
89,Customer_89,customer89@example.com,2023-01-01 10:20:57.817426,UK
90,Customer_90,customer90@example.com,2024-08-06 10:20:57.817428,Canada
91,Customer_91,customer91@example.com,2025-01-17 10:20:57.817431,Canada
92,Customer_92,customer92@example.com,2024-01-31 10:20:57.817433,Germany
93,Customer_93,customer93@example.com,2023-03-25 10:20:57.817435,Canada
94,Customer_94,customer94@example.com,2023-12-17 10:20:57.817437,Canada
95,Customer_95,customer95@example.com,2024-06-18 10:20:57.817439,Canada
96,Customer_96,customer96@example.com,2022-12-24 10:20:57.817442,Germany
97,Customer_97,customer97@example.com,2022-09-21 10:20:57.817444,Canada
98,Customer_98,customer98@example.com,2024-04-19 10:20:57.817446,Australia
99,Customer_99,customer99@example.com,2023-12-26 10:20:57.817448,Germany
100,Customer_100,customer100@example.com,2024-12-25 10:20:57.817450,Canada
