attack_id,timestamp,attack_type,severity,target,status
1,2025-03-12 01:31:00.088435,phishing,low,internal_system,detected
2,2025-03-13 15:13:00.088459,phishing,low,internal_system,detected
3,2025-03-09 04:07:00.088462,AI-predictive breach,low,internal_system,missed
4,2025-03-11 05:36:00.088464,quantum intrusion,critical,internal_system,missed
5,2025-03-12 09:50:00.088466,phishing,medium,customer_account,blocked
6,2025-03-15 05:13:00.088468,phishing,medium,payment_gateway,detected
7,2025-03-14 01:00:00.088470,quantum intrusion,critical,customer_account,blocked
8,2025-03-09 06:39:00.088474,deepfake scam,high,internal_system,blocked
9,2025-03-15 02:12:00.088477,quantum intrusion,critical,internal_system,blocked
10,2025-03-09 22:47:00.088480,AI-predictive breach,critical,customer_account,missed
11,2025-03-15 04:17:00.088482,phishing,low,internal_system,missed
12,2025-03-12 10:45:00.088484,phishing,low,customer_account,detected
13,2025-03-15 00:00:00.088486,AI-predictive breach,high,customer_account,detected
14,2025-03-10 05:34:00.088487,quantum intrusion,medium,internal_system,missed
15,2025-03-10 17:45:00.088489,AI-predictive breach,high,customer_account,detected
16,2025-03-10 19:41:00.088491,AI-predictive breach,high,customer_account,missed
17,2025-03-15 00:44:00.088493,AI-predictive breach,low,customer_account,missed
18,2025-03-13 12:40:00.088495,phishing,medium,payment_gateway,missed
19,2025-03-08 18:24:00.088497,AI-predictive breach,high,customer_account,detected
20,2025-03-08 19:58:00.088499,quantum intrusion,high,internal_system,blocked
21,2025-03-12 03:56:00.088501,AI-predictive breach,low,internal_system,blocked
22,2025-03-14 22:17:00.088503,deepfake scam,critical,payment_gateway,missed
23,2025-03-11 16:55:00.088505,AI-predictive breach,medium,payment_gateway,detected
24,2025-03-13 09:28:00.088506,quantum intrusion,high,internal_system,detected
25,2025-03-14 14:57:00.088508,deepfake scam,low,customer_account,missed
26,2025-03-12 01:37:00.088511,phishing,low,payment_gateway,detected
27,2025-03-13 20:51:00.088512,quantum intrusion,high,internal_system,missed
28,2025-03-09 01:02:00.088514,AI-predictive breach,critical,internal_system,missed
29,2025-03-14 02:06:00.088516,deepfake scam,low,customer_account,blocked
30,2025-03-08 21:41:00.088518,quantum intrusion,low,internal_system,detected
31,2025-03-14 13:42:00.088520,phishing,medium,payment_gateway,detected
32,2025-03-13 06:07:00.088522,phishing,low,internal_system,detected
33,2025-03-09 16:17:00.088524,quantum intrusion,medium,internal_system,detected
34,2025-03-12 23:29:00.088526,deepfake scam,medium,internal_system,blocked
35,2025-03-13 22:40:00.088528,quantum intrusion,high,customer_account,missed
36,2025-03-10 19:33:00.088530,quantum intrusion,low,payment_gateway,blocked
37,2025-03-10 10:10:00.088532,AI-predictive breach,medium,payment_gateway,detected
38,2025-03-08 20:23:00.088534,deepfake scam,critical,customer_account,missed
39,2025-03-12 03:06:00.088537,phishing,medium,customer_account,blocked
40,2025-03-11 21:32:00.088539,phishing,low,internal_system,detected
41,2025-03-11 04:14:00.088541,deepfake scam,low,payment_gateway,missed
42,2025-03-12 22:26:00.088543,deepfake scam,high,payment_gateway,blocked
43,2025-03-10 12:36:00.088545,quantum intrusion,low,payment_gateway,detected
44,2025-03-12 12:33:00.088547,deepfake scam,low,customer_account,blocked
45,2025-03-13 21:23:00.088549,deepfake scam,high,payment_gateway,missed
46,2025-03-08 21:45:00.088551,AI-predictive breach,critical,internal_system,detected
47,2025-03-13 03:49:00.088553,AI-predictive breach,high,customer_account,missed
48,2025-03-08 16:11:00.088554,quantum intrusion,critical,customer_account,detected
49,2025-03-12 14:25:00.088556,AI-predictive breach,medium,customer_account,blocked
50,2025-03-09 23:28:00.088558,AI-predictive breach,critical,internal_system,missed
51,2025-03-10 18:19:00.088560,phishing,critical,customer_account,blocked
52,2025-03-10 16:52:00.088561,deepfake scam,medium,customer_account,detected
53,2025-03-12 11:59:00.088563,AI-predictive breach,medium,internal_system,missed
54,2025-03-09 07:44:00.088566,quantum intrusion,critical,customer_account,blocked
55,2025-03-13 20:49:00.088567,quantum intrusion,low,customer_account,blocked
56,2025-03-09 23:36:00.088569,deepfake scam,critical,customer_account,blocked
57,2025-03-11 05:58:00.088571,phishing,medium,payment_gateway,detected
58,2025-03-09 08:22:00.088573,AI-predictive breach,medium,internal_system,missed
59,2025-03-10 22:06:00.088574,phishing,low,internal_system,detected
60,2025-03-13 12:31:00.088577,quantum intrusion,critical,customer_account,blocked
61,2025-03-12 15:52:00.088578,AI-predictive breach,high,internal_system,detected
62,2025-03-14 21:33:00.088580,AI-predictive breach,high,customer_account,detected
63,2025-03-09 16:52:00.088582,AI-predictive breach,critical,payment_gateway,detected
64,2025-03-15 01:44:00.088584,quantum intrusion,medium,customer_account,blocked
65,2025-03-08 21:54:00.088586,AI-predictive breach,high,customer_account,blocked
66,2025-03-12 01:24:00.088588,AI-predictive breach,medium,customer_account,detected
67,2025-03-14 11:33:00.088590,quantum intrusion,high,internal_system,blocked
68,2025-03-14 06:14:00.088592,quantum intrusion,high,customer_account,detected
69,2025-03-14 00:29:00.088594,AI-predictive breach,low,payment_gateway,blocked
70,2025-03-10 11:59:00.088595,quantum intrusion,critical,customer_account,detected
71,2025-03-11 04:38:00.088597,quantum intrusion,low,payment_gateway,blocked
72,2025-03-11 11:08:00.088599,phishing,high,payment_gateway,blocked
73,2025-03-13 09:17:00.088601,phishing,high,internal_system,detected
74,2025-03-14 02:41:00.088603,phishing,low,payment_gateway,blocked
75,2025-03-13 12:27:00.088605,AI-predictive breach,low,internal_system,detected
76,2025-03-15 06:30:00.088606,quantum intrusion,critical,internal_system,detected
77,2025-03-12 00:36:00.088608,quantum intrusion,critical,internal_system,detected
78,2025-03-08 21:55:00.088612,phishing,medium,internal_system,missed
79,2025-03-12 15:23:00.088613,AI-predictive breach,medium,internal_system,missed
80,2025-03-14 03:57:00.088615,AI-predictive breach,medium,customer_account,detected
81,2025-03-14 12:24:00.088617,phishing,low,internal_system,blocked
82,2025-03-08 11:55:00.088619,deepfake scam,low,internal_system,detected
83,2025-03-13 17:15:00.088621,deepfake scam,medium,customer_account,blocked
84,2025-03-13 17:48:00.088622,quantum intrusion,low,customer_account,detected
85,2025-03-14 13:16:00.088624,deepfake scam,critical,internal_system,missed
86,2025-03-10 13:19:00.088626,phishing,medium,customer_account,blocked
87,2025-03-12 18:10:00.088627,quantum intrusion,critical,internal_system,detected
88,2025-03-14 05:08:00.088629,quantum intrusion,critical,payment_gateway,missed
89,2025-03-08 23:38:00.088650,AI-predictive breach,medium,payment_gateway,detected
90,2025-03-11 15:17:00.088654,AI-predictive breach,medium,internal_system,missed
91,2025-03-14 03:07:00.088657,deepfake scam,high,payment_gateway,blocked
92,2025-03-15 07:36:00.088660,AI-predictive breach,medium,internal_system,blocked
93,2025-03-13 15:47:00.088663,AI-predictive breach,critical,internal_system,blocked
94,2025-03-13 12:07:00.088666,phishing,medium,customer_account,detected
95,2025-03-12 12:01:00.088669,quantum intrusion,medium,payment_gateway,blocked
96,2025-03-10 00:17:00.088672,deepfake scam,low,internal_system,blocked
97,2025-03-08 22:03:00.088675,deepfake scam,critical,customer_account,blocked
98,2025-03-14 21:46:00.088678,phishing,low,customer_account,missed
99,2025-03-14 20:38:00.088681,phishing,high,customer_account,blocked
100,2025-03-15 10:13:00.088685,AI-predictive breach,medium,internal_system,detected
101,2025-03-09 14:22:00.088688,deepfake scam,critical,customer_account,missed
102,2025-03-14 22:15:00.088689,AI-predictive breach,low,customer_account,missed
103,2025-03-12 07:23:00.088691,deepfake scam,high,internal_system,detected
104,2025-03-11 22:53:00.088693,quantum intrusion,low,customer_account,detected
105,2025-03-14 19:06:00.088695,quantum intrusion,medium,internal_system,blocked
106,2025-03-09 21:18:00.088697,quantum intrusion,critical,customer_account,missed
107,2025-03-09 20:52:00.088698,AI-predictive breach,medium,internal_system,blocked
108,2025-03-13 08:36:00.088700,phishing,medium,internal_system,missed
109,2025-03-13 21:43:00.088702,quantum intrusion,medium,internal_system,missed
110,2025-03-12 05:10:00.088704,quantum intrusion,critical,customer_account,blocked
111,2025-03-09 00:27:00.088706,phishing,medium,payment_gateway,blocked
112,2025-03-08 17:38:00.088708,phishing,high,internal_system,missed
113,2025-03-08 19:12:00.088709,quantum intrusion,medium,payment_gateway,blocked
114,2025-03-14 19:59:00.088711,quantum intrusion,high,internal_system,detected
115,2025-03-11 17:19:00.088713,AI-predictive breach,medium,customer_account,blocked
116,2025-03-14 10:26:00.088715,deepfake scam,low,payment_gateway,detected
117,2025-03-11 19:18:00.088716,AI-predictive breach,low,internal_system,missed
118,2025-03-09 23:15:00.088718,AI-predictive breach,high,payment_gateway,blocked
119,2025-03-09 22:41:00.088720,phishing,high,payment_gateway,missed
120,2025-03-13 12:56:00.088722,phishing,high,internal_system,missed
121,2025-03-13 21:58:00.088723,quantum intrusion,critical,customer_account,missed
122,2025-03-15 10:17:00.088725,AI-predictive breach,critical,internal_system,blocked
123,2025-03-11 04:04:00.088727,phishing,low,internal_system,blocked
124,2025-03-09 02:58:00.088729,phishing,high,payment_gateway,detected
125,2025-03-11 00:11:00.088730,quantum intrusion,low,payment_gateway,missed
126,2025-03-14 00:47:00.088732,phishing,low,payment_gateway,blocked
127,2025-03-11 06:49:00.088734,deepfake scam,low,internal_system,detected
128,2025-03-11 05:07:00.088736,AI-predictive breach,medium,internal_system,missed
129,2025-03-08 15:28:00.088737,quantum intrusion,critical,internal_system,blocked
130,2025-03-14 07:37:00.088739,AI-predictive breach,high,customer_account,detected
131,2025-03-09 22:58:00.088741,quantum intrusion,medium,payment_gateway,detected
132,2025-03-11 21:20:00.088743,phishing,low,customer_account,detected
133,2025-03-08 19:37:00.088745,AI-predictive breach,critical,payment_gateway,detected
134,2025-03-12 06:07:00.088747,phishing,high,payment_gateway,missed
135,2025-03-13 16:31:00.088749,AI-predictive breach,critical,customer_account,missed
136,2025-03-10 22:11:00.088750,AI-predictive breach,medium,internal_system,detected
137,2025-03-09 17:30:00.088752,deepfake scam,high,customer_account,missed
138,2025-03-13 23:59:00.088754,deepfake scam,medium,internal_system,blocked
139,2025-03-14 17:36:00.088756,AI-predictive breach,high,customer_account,blocked
140,2025-03-14 20:21:00.088757,phishing,high,internal_system,detected
141,2025-03-08 22:36:00.088759,phishing,medium,internal_system,detected
142,2025-03-08 20:47:00.088761,quantum intrusion,medium,internal_system,blocked
143,2025-03-13 12:59:00.088763,phishing,high,customer_account,detected
144,2025-03-11 23:12:00.088765,deepfake scam,critical,payment_gateway,blocked
145,2025-03-14 22:37:00.088766,phishing,critical,customer_account,detected
146,2025-03-10 19:31:00.088768,deepfake scam,high,payment_gateway,blocked
147,2025-03-10 19:46:00.088770,phishing,low,internal_system,blocked
148,2025-03-13 02:54:00.088772,AI-predictive breach,high,payment_gateway,missed
149,2025-03-12 20:29:00.088774,quantum intrusion,high,payment_gateway,detected
150,2025-03-15 02:16:00.088776,AI-predictive breach,critical,internal_system,blocked
151,2025-03-10 06:02:00.088778,AI-predictive breach,critical,customer_account,missed
152,2025-03-12 10:47:00.088779,AI-predictive breach,high,customer_account,detected
153,2025-03-13 11:58:00.088781,deepfake scam,low,customer_account,missed
154,2025-03-11 09:46:00.088783,AI-predictive breach,critical,payment_gateway,detected
155,2025-03-08 19:00:00.088785,AI-predictive breach,high,customer_account,missed
156,2025-03-10 00:06:00.088786,AI-predictive breach,medium,payment_gateway,blocked
157,2025-03-11 02:58:00.088788,phishing,high,internal_system,missed
158,2025-03-13 02:16:00.088790,quantum intrusion,low,payment_gateway,missed
159,2025-03-09 17:55:00.088792,phishing,medium,payment_gateway,detected
160,2025-03-10 21:22:00.088793,phishing,critical,customer_account,blocked
161,2025-03-12 03:34:00.088795,AI-predictive breach,low,internal_system,blocked
162,2025-03-12 20:43:00.088797,phishing,high,customer_account,detected
163,2025-03-10 16:04:00.088799,phishing,high,internal_system,blocked
164,2025-03-15 04:42:00.088800,quantum intrusion,low,customer_account,detected
165,2025-03-13 19:44:00.088802,phishing,medium,customer_account,missed
166,2025-03-09 07:01:00.088804,deepfake scam,low,payment_gateway,detected
167,2025-03-13 14:47:00.088805,deepfake scam,high,customer_account,blocked
168,2025-03-10 16:23:00.088807,AI-predictive breach,high,customer_account,missed
169,2025-03-08 21:09:00.088809,phishing,high,internal_system,missed
170,2025-03-12 09:02:00.088810,deepfake scam,high,internal_system,detected
171,2025-03-10 02:25:00.088812,quantum intrusion,high,internal_system,blocked
172,2025-03-11 06:19:00.088814,phishing,high,customer_account,blocked
173,2025-03-11 17:37:00.088816,quantum intrusion,low,payment_gateway,detected
174,2025-03-14 08:21:00.088818,AI-predictive breach,medium,payment_gateway,detected
175,2025-03-11 04:42:00.088819,phishing,high,internal_system,detected
176,2025-03-15 06:43:00.088821,quantum intrusion,high,internal_system,blocked
177,2025-03-11 08:32:00.088823,AI-predictive breach,high,internal_system,detected
178,2025-03-12 19:23:00.088825,AI-predictive breach,low,internal_system,missed
179,2025-03-11 03:16:00.088826,phishing,critical,payment_gateway,blocked
180,2025-03-15 04:23:00.088828,quantum intrusion,medium,internal_system,blocked
181,2025-03-08 19:34:00.088830,deepfake scam,high,internal_system,detected
182,2025-03-13 16:14:00.088832,deepfake scam,medium,internal_system,missed
183,2025-03-14 21:10:00.088834,AI-predictive breach,low,internal_system,missed
184,2025-03-14 11:45:00.088835,phishing,high,customer_account,missed
185,2025-03-10 13:42:00.088837,AI-predictive breach,medium,payment_gateway,detected
186,2025-03-12 05:21:00.088839,quantum intrusion,critical,customer_account,blocked
187,2025-03-12 04:47:00.088841,AI-predictive breach,high,payment_gateway,missed
188,2025-03-08 14:05:00.088843,AI-predictive breach,low,payment_gateway,detected
189,2025-03-10 23:23:00.088845,AI-predictive breach,medium,customer_account,blocked
190,2025-03-08 19:46:00.088846,deepfake scam,medium,customer_account,blocked
191,2025-03-10 10:56:00.088848,AI-predictive breach,medium,customer_account,blocked
192,2025-03-14 11:37:00.088850,quantum intrusion,high,payment_gateway,blocked
193,2025-03-12 18:01:00.088852,quantum intrusion,low,payment_gateway,missed
194,2025-03-09 08:27:00.088854,phishing,low,customer_account,missed
195,2025-03-11 11:26:00.088855,AI-predictive breach,medium,internal_system,detected
196,2025-03-12 14:49:00.088857,deepfake scam,medium,payment_gateway,missed
197,2025-03-12 12:11:00.088859,deepfake scam,critical,internal_system,blocked
198,2025-03-09 14:01:00.088861,quantum intrusion,low,payment_gateway,detected
199,2025-03-11 07:09:00.088862,deepfake scam,medium,internal_system,blocked
200,2025-03-11 13:21:00.088864,quantum intrusion,medium,payment_gateway,detected
201,2025-03-10 09:57:00.088866,AI-predictive breach,medium,customer_account,detected
202,2025-03-09 05:02:00.088868,deepfake scam,critical,payment_gateway,blocked
203,2025-03-14 06:58:00.088870,phishing,medium,customer_account,detected
204,2025-03-10 01:54:00.088872,quantum intrusion,high,customer_account,blocked
205,2025-03-09 08:54:00.088874,deepfake scam,medium,payment_gateway,detected
206,2025-03-09 06:23:00.088876,AI-predictive breach,low,internal_system,detected
207,2025-03-11 23:52:00.088877,deepfake scam,low,internal_system,detected
208,2025-03-15 01:44:00.088879,deepfake scam,high,customer_account,detected
209,2025-03-09 03:50:00.088881,AI-predictive breach,medium,payment_gateway,blocked
210,2025-03-14 05:16:00.088882,deepfake scam,low,internal_system,missed
211,2025-03-12 13:55:00.088884,phishing,high,payment_gateway,missed
212,2025-03-13 10:28:00.088886,deepfake scam,low,customer_account,blocked
213,2025-03-12 21:28:00.088888,AI-predictive breach,high,payment_gateway,missed
214,2025-03-14 00:37:00.088890,deepfake scam,critical,payment_gateway,detected
215,2025-03-11 00:41:00.088891,phishing,medium,payment_gateway,blocked
216,2025-03-14 11:39:00.088893,quantum intrusion,high,customer_account,blocked
217,2025-03-13 23:53:00.088895,phishing,high,customer_account,missed
218,2025-03-09 13:58:00.088897,AI-predictive breach,high,customer_account,detected
219,2025-03-09 02:40:00.088898,AI-predictive breach,critical,internal_system,missed
220,2025-03-10 10:34:00.088900,deepfake scam,medium,customer_account,missed
221,2025-03-13 21:49:00.088902,deepfake scam,medium,internal_system,detected
222,2025-03-08 15:04:00.088904,deepfake scam,high,internal_system,missed
223,2025-03-11 09:30:00.088906,deepfake scam,high,payment_gateway,blocked
224,2025-03-13 23:19:00.088907,deepfake scam,medium,payment_gateway,blocked
225,2025-03-11 17:16:00.088909,AI-predictive breach,critical,customer_account,blocked
226,2025-03-10 18:05:00.088911,quantum intrusion,medium,payment_gateway,blocked
227,2025-03-14 10:41:00.088913,AI-predictive breach,high,payment_gateway,blocked
228,2025-03-10 18:37:00.088914,quantum intrusion,critical,internal_system,missed
229,2025-03-09 15:36:00.088916,quantum intrusion,medium,payment_gateway,missed
230,2025-03-12 22:16:00.088918,deepfake scam,high,customer_account,blocked
231,2025-03-13 03:15:00.088920,quantum intrusion,medium,payment_gateway,detected
232,2025-03-11 19:55:00.088922,AI-predictive breach,high,internal_system,blocked
233,2025-03-09 08:05:00.088923,quantum intrusion,medium,customer_account,detected
234,2025-03-11 18:17:00.088925,quantum intrusion,high,internal_system,missed
235,2025-03-15 09:02:00.088927,deepfake scam,medium,payment_gateway,detected
236,2025-03-15 05:59:00.088929,AI-predictive breach,medium,internal_system,blocked
237,2025-03-10 11:13:00.088931,quantum intrusion,low,internal_system,detected
238,2025-03-14 17:33:00.088932,deepfake scam,medium,internal_system,blocked
239,2025-03-13 23:16:00.088934,quantum intrusion,low,payment_gateway,detected
240,2025-03-13 17:17:00.088936,quantum intrusion,medium,customer_account,blocked
241,2025-03-12 01:44:00.088938,quantum intrusion,low,payment_gateway,missed
242,2025-03-13 23:23:00.088939,deepfake scam,medium,payment_gateway,blocked
243,2025-03-13 21:44:00.088941,quantum intrusion,low,customer_account,missed
244,2025-03-13 14:42:00.088943,quantum intrusion,medium,customer_account,missed
245,2025-03-11 07:07:00.088945,deepfake scam,medium,customer_account,missed
246,2025-03-11 11:32:00.088946,AI-predictive breach,critical,customer_account,detected
247,2025-03-13 02:54:00.088948,phishing,critical,payment_gateway,missed
248,2025-03-12 03:24:00.088950,phishing,critical,payment_gateway,blocked
249,2025-03-14 02:55:00.088952,phishing,high,customer_account,detected
250,2025-03-15 06:27:00.088953,quantum intrusion,high,customer_account,blocked
251,2025-03-15 02:34:00.088955,quantum intrusion,high,payment_gateway,detected
252,2025-03-13 11:31:00.088957,quantum intrusion,high,internal_system,detected
253,2025-03-14 07:46:00.088959,quantum intrusion,critical,customer_account,missed
254,2025-03-15 07:02:00.088961,AI-predictive breach,low,customer_account,missed
255,2025-03-14 15:41:00.088962,AI-predictive breach,medium,internal_system,missed
256,2025-03-14 13:59:00.088964,quantum intrusion,high,internal_system,blocked
257,2025-03-11 21:13:00.088966,deepfake scam,medium,payment_gateway,missed
258,2025-03-13 22:40:00.088968,AI-predictive breach,high,internal_system,blocked
259,2025-03-11 07:47:00.088969,quantum intrusion,low,internal_system,missed
260,2025-03-09 23:10:00.088971,deepfake scam,critical,payment_gateway,detected
261,2025-03-09 17:19:00.088973,deepfake scam,medium,internal_system,missed
262,2025-03-14 08:00:00.088975,AI-predictive breach,low,payment_gateway,missed
263,2025-03-15 02:10:00.088977,phishing,critical,payment_gateway,blocked
264,2025-03-09 10:22:00.088978,phishing,high,customer_account,blocked
265,2025-03-08 14:58:00.088980,AI-predictive breach,high,customer_account,missed
266,2025-03-10 16:45:00.088982,phishing,high,internal_system,blocked
267,2025-03-09 12:17:00.088984,phishing,high,internal_system,detected
268,2025-03-09 11:24:00.088985,phishing,low,internal_system,missed
269,2025-03-13 14:52:00.088987,deepfake scam,medium,customer_account,detected
270,2025-03-08 23:48:00.088989,phishing,critical,customer_account,missed
271,2025-03-11 22:49:00.088991,AI-predictive breach,medium,payment_gateway,missed
272,2025-03-12 22:37:00.088993,AI-predictive breach,low,internal_system,missed
273,2025-03-13 03:24:00.088994,deepfake scam,critical,internal_system,missed
274,2025-03-09 09:37:00.088996,phishing,critical,payment_gateway,missed
275,2025-03-12 13:58:00.088998,deepfake scam,high,customer_account,missed
276,2025-03-13 16:31:00.089000,phishing,low,customer_account,blocked
277,2025-03-11 20:41:00.089002,phishing,low,customer_account,blocked
278,2025-03-13 14:54:00.089004,deepfake scam,critical,internal_system,blocked
279,2025-03-10 23:13:00.089005,deepfake scam,high,customer_account,blocked
280,2025-03-10 13:24:00.089007,phishing,medium,payment_gateway,detected
281,2025-03-15 04:29:00.089009,quantum intrusion,medium,customer_account,blocked
282,2025-03-10 16:12:00.089011,AI-predictive breach,critical,internal_system,detected
283,2025-03-14 19:50:00.089012,phishing,low,payment_gateway,blocked
284,2025-03-09 17:16:00.089014,AI-predictive breach,medium,payment_gateway,missed
285,2025-03-11 18:19:00.089016,AI-predictive breach,medium,internal_system,missed
286,2025-03-12 11:47:00.089018,AI-predictive breach,high,payment_gateway,blocked
287,2025-03-13 18:50:00.089020,quantum intrusion,medium,customer_account,missed
288,2025-03-14 18:34:00.089021,quantum intrusion,medium,payment_gateway,blocked
289,2025-03-12 10:36:00.089023,quantum intrusion,critical,payment_gateway,blocked
290,2025-03-10 19:14:00.089025,AI-predictive breach,high,payment_gateway,blocked
291,2025-03-10 11:47:00.089026,quantum intrusion,low,payment_gateway,blocked
292,2025-03-13 06:39:00.089028,deepfake scam,low,internal_system,missed
293,2025-03-09 13:00:00.089030,deepfake scam,critical,internal_system,missed
294,2025-03-12 10:42:00.089032,AI-predictive breach,medium,internal_system,detected
295,2025-03-10 21:44:00.089034,quantum intrusion,low,internal_system,blocked
296,2025-03-09 13:31:00.089035,phishing,critical,internal_system,detected
297,2025-03-09 12:31:00.089037,AI-predictive breach,medium,payment_gateway,detected
298,2025-03-08 21:58:00.089039,deepfake scam,high,customer_account,detected
299,2025-03-15 04:45:00.089040,AI-predictive breach,low,internal_system,missed
300,2025-03-13 19:56:00.089042,phishing,low,internal_system,detected
