threat_id,attack_type,severity,target_system,detection_method,date_detected
1,Malware,High,Network,Manual Review,2025-02-24
2,SQL Injection,Medium,Network,Firewall,2025-02-25
3,Brute Force,High,Network,Manual Review,2025-02-26
4,SQL Injection,Medium,Application,Firewall,2025-02-27
5,Brute Force,Low,Application,AI Model,2025-02-28
6,SQL Injection,Critical,Network,AI Model,2025-03-01
7,SQL Injection,Low,Network,AI Model,2025-03-02
8,Brute Force,Critical,Application,AI Model,2025-03-03
9,Brute Force,Medium,Network,Firewall,2025-03-04
10,Brute Force,High,Database,Manual Review,2025-03-05
11,Phishing,Low,Application,AI Model,2025-03-06
12,Malware,Critical,Network,Manual Review,2025-03-07
13,Phishing,Low,Application,Firewall,2025-03-08
14,Phishing,Critical,Database,Firewall,2025-03-09
15,SQL Injection,Low,Application,Firewall,2025-03-10
16,Brute Force,Critical,Application,AI Model,2025-03-11
17,Malware,Critical,Application,Manual Review,2025-03-12
18,SQL Injection,Medium,Application,Manual Review,2025-03-13
19,Phishing,Critical,Database,Manual Review,2025-03-14
20,Brute Force,Medium,Application,Firewall,2025-03-15
